id,name,surname30,test name 10,test surname 1031,test,test32,test,test33,test,test34,test,test35,test,test36,test,test37,test,test38,test,test39,test,test40,test,test41,test,test42,test,test43,test,test44,test,test45,test1,test246,test_name 1,test surname 247,"Lorem ipsum dolor sit amet, consectetur adipiscing elit. Aliquam auctor nulla sed sem bibendum
    dictum. Sed viverra ante nulla, quis tincidunt urna sagittis ut. Cras mollis vel est et ultrices. 
    Praesent id nisl a erat dapibus interdum. Curabitur tempor est ac lorem finibus, eget vulputate augue 
    mollis. Donec ante quam, ornare ut mattis placerat, venenatis ac odio. Aenean posuere tellus vitae leo 
    malesuada molestie. Proin feugiat nunc sit amet mollis auctor. Donec tempor faucibus mattis. Morbi 
    mollis dui tempus, facilisis nisl et, ullamcorper ex. Vivamus a lectus et turpis faucibus volutpat. 
    Aliquam gravida dui nec accumsan rhoncus. Fusce interdum congue diam eget congue. In hac habitasse 
    platea dictumst. Interdum et malesuada fames ac ante ipsum primis in faucibus. Aliquam risus mauris, 
    aliquam a risus quis, laoreet tincidunt quam. Quisque a faucibus nunc. Sed lobortis malesuada tellus. 
    Nullam facilisis lectus vitae nisi consectetur, vitae efficitur dui gravida. Maecenas interdum mi non 
    sapien lobortis pharetra. Etiam pulvinar arcu enim, sed interdum diam suscipit vitae. Maecenas laoreet
    id mi non sodales. Quisque iaculis nibh eget fringilla pharetra. Sed semper auctor dui vel consequat. 
    In euismod libero nec nisl dignissim, at feugiat elit vestibulum. Morbi luctus placerat turpis at 
    viverra. Aenean tempor nunc eget mi convallis, eget ultrices erat cursus. Quisque id turpis tortor. 
    Lorem ipsum dolor sit amet, consectetur adipiscing elit. Morbi efficitur eros id ipsum semper sagittis.
    Pellentesque id placerat mi. Vestibulum eget vehicula tellus. Curabitur eu scelerisque libero, et 
    finibus arcu. Nullam consectetur leo vitae tortor interdum, ac porttitor urna semper. Nunc vel semper 
    lacus. In a. ",test surname48,test name,"Lorem ipsum dolor sit amet, consectetur adipiscing elit. Aliquam auctor nulla sed sem bibendum
    dictum. Sed viverra ante nulla, quis tincidunt urna sagittis ut. Cras mollis vel est et ultrices. 
    Praesent id nisl a erat dapibus interdum. Curabitur tempor est ac lorem finibus, eget vulputate augue 
    mollis. Donec ante quam, ornare ut mattis placerat, venenatis ac odio. Aenean posuere tellus vitae leo 
    malesuada molestie. Proin feugiat nunc sit amet mollis auctor. Donec tempor faucibus mattis. Morbi 
    mollis dui tempus, facilisis nisl et, ullamcorper ex. Vivamus a lectus et turpis faucibus volutpat. 
    Aliquam gravida dui nec accumsan rhoncus. Fusce interdum congue diam eget congue. In hac habitasse 
    platea dictumst. Interdum et malesuada fames ac ante ipsum primis in faucibus. Aliquam risus mauris, 
    aliquam a risus quis, laoreet tincidunt quam. Quisque a faucibus nunc. Sed lobortis malesuada tellus. 
    Nullam facilisis lectus vitae nisi consectetur, vitae efficitur dui gravida. Maecenas interdum mi non 
    sapien lobortis pharetra. Etiam pulvinar arcu enim, sed interdum diam suscipit vitae. Maecenas laoreet
    id mi non sodales. Quisque iaculis nibh eget fringilla pharetra. Sed semper auctor dui vel consequat. 
    In euismod libero nec nisl dignissim, at feugiat elit vestibulum. Morbi luctus placerat turpis at 
    viverra. Aenean tempor nunc eget mi convallis, eget ultrices erat cursus. Quisque id turpis tortor. 
    Lorem ipsum dolor sit amet, consectetur adipiscing elit. Morbi efficitur eros id ipsum semper sagittis.
    Pellentesque id placerat mi. Vestibulum eget vehicula tellus. Curabitur eu scelerisque libero, et 
    finibus arcu. Nullam consectetur leo vitae tortor interdum, ac porttitor urna semper. Nunc vel semper 
    lacus. In a. "49,"Lorem ipsum dolor sit amet, consectetur adipiscing elit. Aliquam auctor nulla sed sem bibendum
    dictum. Sed viverra ante nulla, quis tincidunt urna sagittis ut. Cras mollis vel est et ultrices. 
    Praesent id nisl a erat dapibus interdum. Curabitur tempor est ac lorem finibus, eget vulputate augue 
    mollis. Donec ante quam, ornare ut mattis placerat, venenatis ac odio. Aenean posuere tellus vitae leo 
    malesuada molestie. Proin feugiat nunc sit amet mollis auctor. Donec tempor faucibus mattis. Morbi 
    mollis dui tempus, facilisis nisl et, ullamcorper ex. Vivamus a lectus et turpis faucibus volutpat. 
    Aliquam gravida dui nec accumsan rhoncus. Fusce interdum congue diam eget congue. In hac habitasse 
    platea dictumst. Interdum et malesuada fames ac ante ipsum primis in faucibus. Aliquam risus mauris, 
    aliquam a risus quis, laoreet tincidunt quam. Quisque a faucibus nunc. Sed lobortis malesuada tellus. 
    Nullam facilisis lectus vitae nisi consectetur, vitae efficitur dui gravida. Maecenas interdum mi non 
    sapien lobortis pharetra. Etiam pulvinar arcu enim, sed interdum diam suscipit vitae. Maecenas laoreet
    id mi non sodales. Quisque iaculis nibh eget fringilla pharetra. Sed semper auctor dui vel consequat. 
    In euismod libero nec nisl dignissim, at feugiat elit vestibulum. Morbi luctus placerat turpis at 
    viverra. Aenean tempor nunc eget mi convallis, eget ultrices erat cursus. Quisque id turpis tortor. 
    Lorem ipsum dolor sit amet, consectetur adipiscing elit. Morbi efficitur eros id ipsum semper sagittis.
    Pellentesque id placerat mi. Vestibulum eget vehicula tellus. Curabitur eu scelerisque libero, et 
    finibus arcu. Nullam consectetur leo vitae tortor interdum, ac porttitor urna semper. Nunc vel semper 
    lacus. In a. ","Lorem ipsum dolor sit amet, consectetur adipiscing elit. Aliquam auctor nulla sed sem bibendum
    dictum. Sed viverra ante nulla, quis tincidunt urna sagittis ut. Cras mollis vel est et ultrices. 
    Praesent id nisl a erat dapibus interdum. Curabitur tempor est ac lorem finibus, eget vulputate augue 
    mollis. Donec ante quam, ornare ut mattis placerat, venenatis ac odio. Aenean posuere tellus vitae leo 
    malesuada molestie. Proin feugiat nunc sit amet mollis auctor. Donec tempor faucibus mattis. Morbi 
    mollis dui tempus, facilisis nisl et, ullamcorper ex. Vivamus a lectus et turpis faucibus volutpat. 
    Aliquam gravida dui nec accumsan rhoncus. Fusce interdum congue diam eget congue. In hac habitasse 
    platea dictumst. Interdum et malesuada fames ac ante ipsum primis in faucibus. Aliquam risus mauris, 
    aliquam a risus quis, laoreet tincidunt quam. Quisque a faucibus nunc. Sed lobortis malesuada tellus. 
    Nullam facilisis lectus vitae nisi consectetur, vitae efficitur dui gravida. Maecenas interdum mi non 
    sapien lobortis pharetra. Etiam pulvinar arcu enim, sed interdum diam suscipit vitae. Maecenas laoreet
    id mi non sodales. Quisque iaculis nibh eget fringilla pharetra. Sed semper auctor dui vel consequat. 
    In euismod libero nec nisl dignissim, at feugiat elit vestibulum. Morbi luctus placerat turpis at 
    viverra. Aenean tempor nunc eget mi convallis, eget ultrices erat cursus. Quisque id turpis tortor. 
    Lorem ipsum dolor sit amet, consectetur adipiscing elit. Morbi efficitur eros id ipsum semper sagittis.
    Pellentesque id placerat mi. Vestibulum eget vehicula tellus. Curabitur eu scelerisque libero, et 
    finibus arcu. Nullam consectetur leo vitae tortor interdum, ac porttitor urna semper. Nunc vel semper 
    lacus. In a. "50,test name 8,test surname 851,test,test52,test,test53,test,test54,test,test55,test,test56,test,test57,test,test58,test,test59,test,test60,test_name 1,test surname 261,"Lorem ipsum dolor sit amet, consectetur adipiscing elit. Aliquam auctor nulla sed sem bibendum
    dictum. Sed viverra ante nulla, quis tincidunt urna sagittis ut. Cras mollis vel est et ultrices. 
    Praesent id nisl a erat dapibus interdum. Curabitur tempor est ac lorem finibus, eget vulputate augue 
    mollis. Donec ante quam, ornare ut mattis placerat, venenatis ac odio. Aenean posuere tellus vitae leo 
    malesuada molestie. Proin feugiat nunc sit amet mollis auctor. Donec tempor faucibus mattis. Morbi 
    mollis dui tempus, facilisis nisl et, ullamcorper ex. Vivamus a lectus et turpis faucibus volutpat. 
    Aliquam gravida dui nec accumsan rhoncus. Fusce interdum congue diam eget congue. In hac habitasse 
    platea dictumst. Interdum et malesuada fames ac ante ipsum primis in faucibus. Aliquam risus mauris, 
    aliquam a risus quis, laoreet tincidunt quam. Quisque a faucibus nunc. Sed lobortis malesuada tellus. 
    Nullam facilisis lectus vitae nisi consectetur, vitae efficitur dui gravida. Maecenas interdum mi non 
    sapien lobortis pharetra. Etiam pulvinar arcu enim, sed interdum diam suscipit vitae. Maecenas laoreet
    id mi non sodales. Quisque iaculis nibh eget fringilla pharetra. Sed semper auctor dui vel consequat. 
    In euismod libero nec nisl dignissim, at feugiat elit vestibulum. Morbi luctus placerat turpis at 
    viverra. Aenean tempor nunc eget mi convallis, eget ultrices erat cursus. Quisque id turpis tortor. 
    Lorem ipsum dolor sit amet, consectetur adipiscing elit. Morbi efficitur eros id ipsum semper sagittis.
    Pellentesque id placerat mi. Vestibulum eget vehicula tellus. Curabitur eu scelerisque libero, et 
    finibus arcu. Nullam consectetur leo vitae tortor interdum, ac porttitor urna semper. Nunc vel semper 
    lacus. In a. ",test surname62,test name,"Lorem ipsum dolor sit amet, consectetur adipiscing elit. Aliquam auctor nulla sed sem bibendum
    dictum. Sed viverra ante nulla, quis tincidunt urna sagittis ut. Cras mollis vel est et ultrices. 
    Praesent id nisl a erat dapibus interdum. Curabitur tempor est ac lorem finibus, eget vulputate augue 
    mollis. Donec ante quam, ornare ut mattis placerat, venenatis ac odio. Aenean posuere tellus vitae leo 
    malesuada molestie. Proin feugiat nunc sit amet mollis auctor. Donec tempor faucibus mattis. Morbi 
    mollis dui tempus, facilisis nisl et, ullamcorper ex. Vivamus a lectus et turpis faucibus volutpat. 
    Aliquam gravida dui nec accumsan rhoncus. Fusce interdum congue diam eget congue. In hac habitasse 
    platea dictumst. Interdum et malesuada fames ac ante ipsum primis in faucibus. Aliquam risus mauris, 
    aliquam a risus quis, laoreet tincidunt quam. Quisque a faucibus nunc. Sed lobortis malesuada tellus. 
    Nullam facilisis lectus vitae nisi consectetur, vitae efficitur dui gravida. Maecenas interdum mi non 
    sapien lobortis pharetra. Etiam pulvinar arcu enim, sed interdum diam suscipit vitae. Maecenas laoreet
    id mi non sodales. Quisque iaculis nibh eget fringilla pharetra. Sed semper auctor dui vel consequat. 
    In euismod libero nec nisl dignissim, at feugiat elit vestibulum. Morbi luctus placerat turpis at 
    viverra. Aenean tempor nunc eget mi convallis, eget ultrices erat cursus. Quisque id turpis tortor. 
    Lorem ipsum dolor sit amet, consectetur adipiscing elit. Morbi efficitur eros id ipsum semper sagittis.
    Pellentesque id placerat mi. Vestibulum eget vehicula tellus. Curabitur eu scelerisque libero, et 
    finibus arcu. Nullam consectetur leo vitae tortor interdum, ac porttitor urna semper. Nunc vel semper 
    lacus. In a. "63,"Lorem ipsum dolor sit amet, consectetur adipiscing elit. Aliquam auctor nulla sed sem bibendum
    dictum. Sed viverra ante nulla, quis tincidunt urna sagittis ut. Cras mollis vel est et ultrices. 
    Praesent id nisl a erat dapibus interdum. Curabitur tempor est ac lorem finibus, eget vulputate augue 
    mollis. Donec ante quam, ornare ut mattis placerat, venenatis ac odio. Aenean posuere tellus vitae leo 
    malesuada molestie. Proin feugiat nunc sit amet mollis auctor. Donec tempor faucibus mattis. Morbi 
    mollis dui tempus, facilisis nisl et, ullamcorper ex. Vivamus a lectus et turpis faucibus volutpat. 
    Aliquam gravida dui nec accumsan rhoncus. Fusce interdum congue diam eget congue. In hac habitasse 
    platea dictumst. Interdum et malesuada fames ac ante ipsum primis in faucibus. Aliquam risus mauris, 
    aliquam a risus quis, laoreet tincidunt quam. Quisque a faucibus nunc. Sed lobortis malesuada tellus. 
    Nullam facilisis lectus vitae nisi consectetur, vitae efficitur dui gravida. Maecenas interdum mi non 
    sapien lobortis pharetra. Etiam pulvinar arcu enim, sed interdum diam suscipit vitae. Maecenas laoreet
    id mi non sodales. Quisque iaculis nibh eget fringilla pharetra. Sed semper auctor dui vel consequat. 
    In euismod libero nec nisl dignissim, at feugiat elit vestibulum. Morbi luctus placerat turpis at 
    viverra. Aenean tempor nunc eget mi convallis, eget ultrices erat cursus. Quisque id turpis tortor. 
    Lorem ipsum dolor sit amet, consectetur adipiscing elit. Morbi efficitur eros id ipsum semper sagittis.
    Pellentesque id placerat mi. Vestibulum eget vehicula tellus. Curabitur eu scelerisque libero, et 
    finibus arcu. Nullam consectetur leo vitae tortor interdum, ac porttitor urna semper. Nunc vel semper 
    lacus. In a. ","Lorem ipsum dolor sit amet, consectetur adipiscing elit. Aliquam auctor nulla sed sem bibendum
    dictum. Sed viverra ante nulla, quis tincidunt urna sagittis ut. Cras mollis vel est et ultrices. 
    Praesent id nisl a erat dapibus interdum. Curabitur tempor est ac lorem finibus, eget vulputate augue 
    mollis. Donec ante quam, ornare ut mattis placerat, venenatis ac odio. Aenean posuere tellus vitae leo 
    malesuada molestie. Proin feugiat nunc sit amet mollis auctor. Donec tempor faucibus mattis. Morbi 
    mollis dui tempus, facilisis nisl et, ullamcorper ex. Vivamus a lectus et turpis faucibus volutpat. 
    Aliquam gravida dui nec accumsan rhoncus. Fusce interdum congue diam eget congue. In hac habitasse 
    platea dictumst. Interdum et malesuada fames ac ante ipsum primis in faucibus. Aliquam risus mauris, 
    aliquam a risus quis, laoreet tincidunt quam. Quisque a faucibus nunc. Sed lobortis malesuada tellus. 
    Nullam facilisis lectus vitae nisi consectetur, vitae efficitur dui gravida. Maecenas interdum mi non 
    sapien lobortis pharetra. Etiam pulvinar arcu enim, sed interdum diam suscipit vitae. Maecenas laoreet
    id mi non sodales. Quisque iaculis nibh eget fringilla pharetra. Sed semper auctor dui vel consequat. 
    In euismod libero nec nisl dignissim, at feugiat elit vestibulum. Morbi luctus placerat turpis at 
    viverra. Aenean tempor nunc eget mi convallis, eget ultrices erat cursus. Quisque id turpis tortor. 
    Lorem ipsum dolor sit amet, consectetur adipiscing elit. Morbi efficitur eros id ipsum semper sagittis.
    Pellentesque id placerat mi. Vestibulum eget vehicula tellus. Curabitur eu scelerisque libero, et 
    finibus arcu. Nullam consectetur leo vitae tortor interdum, ac porttitor urna semper. Nunc vel semper 
    lacus. In a. "64,test name 8,test surname 865,test,test66,test,test67,test,test68,test,test69,test,test70,test,test71,test,test72,test,test73,test,test74,test_name 1,test surname 275,"Lorem ipsum dolor sit amet, consectetur adipiscing elit. Aliquam auctor nulla sed sem bibendum
    dictum. Sed viverra ante nulla, quis tincidunt urna sagittis ut. Cras mollis vel est et ultrices. 
    Praesent id nisl a erat dapibus interdum. Curabitur tempor est ac lorem finibus, eget vulputate augue 
    mollis. Donec ante quam, ornare ut mattis placerat, venenatis ac odio. Aenean posuere tellus vitae leo 
    malesuada molestie. Proin feugiat nunc sit amet mollis auctor. Donec tempor faucibus mattis. Morbi 
    mollis dui tempus, facilisis nisl et, ullamcorper ex. Vivamus a lectus et turpis faucibus volutpat. 
    Aliquam gravida dui nec accumsan rhoncus. Fusce interdum congue diam eget congue. In hac habitasse 
    platea dictumst. Interdum et malesuada fames ac ante ipsum primis in faucibus. Aliquam risus mauris, 
    aliquam a risus quis, laoreet tincidunt quam. Quisque a faucibus nunc. Sed lobortis malesuada tellus. 
    Nullam facilisis lectus vitae nisi consectetur, vitae efficitur dui gravida. Maecenas interdum mi non 
    sapien lobortis pharetra. Etiam pulvinar arcu enim, sed interdum diam suscipit vitae. Maecenas laoreet
    id mi non sodales. Quisque iaculis nibh eget fringilla pharetra. Sed semper auctor dui vel consequat. 
    In euismod libero nec nisl dignissim, at feugiat elit vestibulum. Morbi luctus placerat turpis at 
    viverra. Aenean tempor nunc eget mi convallis, eget ultrices erat cursus. Quisque id turpis tortor. 
    Lorem ipsum dolor sit amet, consectetur adipiscing elit. Morbi efficitur eros id ipsum semper sagittis.
    Pellentesque id placerat mi. Vestibulum eget vehicula tellus. Curabitur eu scelerisque libero, et 
    finibus arcu. Nullam consectetur leo vitae tortor interdum, ac porttitor urna semper. Nunc vel semper 
    lacus. In a. ",test surname76,test name,"Lorem ipsum dolor sit amet, consectetur adipiscing elit. Aliquam auctor nulla sed sem bibendum
    dictum. Sed viverra ante nulla, quis tincidunt urna sagittis ut. Cras mollis vel est et ultrices. 
    Praesent id nisl a erat dapibus interdum. Curabitur tempor est ac lorem finibus, eget vulputate augue 
    mollis. Donec ante quam, ornare ut mattis placerat, venenatis ac odio. Aenean posuere tellus vitae leo 
    malesuada molestie. Proin feugiat nunc sit amet mollis auctor. Donec tempor faucibus mattis. Morbi 
    mollis dui tempus, facilisis nisl et, ullamcorper ex. Vivamus a lectus et turpis faucibus volutpat. 
    Aliquam gravida dui nec accumsan rhoncus. Fusce interdum congue diam eget congue. In hac habitasse 
    platea dictumst. Interdum et malesuada fames ac ante ipsum primis in faucibus. Aliquam risus mauris, 
    aliquam a risus quis, laoreet tincidunt quam. Quisque a faucibus nunc. Sed lobortis malesuada tellus. 
    Nullam facilisis lectus vitae nisi consectetur, vitae efficitur dui gravida. Maecenas interdum mi non 
    sapien lobortis pharetra. Etiam pulvinar arcu enim, sed interdum diam suscipit vitae. Maecenas laoreet
    id mi non sodales. Quisque iaculis nibh eget fringilla pharetra. Sed semper auctor dui vel consequat. 
    In euismod libero nec nisl dignissim, at feugiat elit vestibulum. Morbi luctus placerat turpis at 
    viverra. Aenean tempor nunc eget mi convallis, eget ultrices erat cursus. Quisque id turpis tortor. 
    Lorem ipsum dolor sit amet, consectetur adipiscing elit. Morbi efficitur eros id ipsum semper sagittis.
    Pellentesque id placerat mi. Vestibulum eget vehicula tellus. Curabitur eu scelerisque libero, et 
    finibus arcu. Nullam consectetur leo vitae tortor interdum, ac porttitor urna semper. Nunc vel semper 
    lacus. In a. "77,"Lorem ipsum dolor sit amet, consectetur adipiscing elit. Aliquam auctor nulla sed sem bibendum
    dictum. Sed viverra ante nulla, quis tincidunt urna sagittis ut. Cras mollis vel est et ultrices. 
    Praesent id nisl a erat dapibus interdum. Curabitur tempor est ac lorem finibus, eget vulputate augue 
    mollis. Donec ante quam, ornare ut mattis placerat, venenatis ac odio. Aenean posuere tellus vitae leo 
    malesuada molestie. Proin feugiat nunc sit amet mollis auctor. Donec tempor faucibus mattis. Morbi 
    mollis dui tempus, facilisis nisl et, ullamcorper ex. Vivamus a lectus et turpis faucibus volutpat. 
    Aliquam gravida dui nec accumsan rhoncus. Fusce interdum congue diam eget congue. In hac habitasse 
    platea dictumst. Interdum et malesuada fames ac ante ipsum primis in faucibus. Aliquam risus mauris, 
    aliquam a risus quis, laoreet tincidunt quam. Quisque a faucibus nunc. Sed lobortis malesuada tellus. 
    Nullam facilisis lectus vitae nisi consectetur, vitae efficitur dui gravida. Maecenas interdum mi non 
    sapien lobortis pharetra. Etiam pulvinar arcu enim, sed interdum diam suscipit vitae. Maecenas laoreet
    id mi non sodales. Quisque iaculis nibh eget fringilla pharetra. Sed semper auctor dui vel consequat. 
    In euismod libero nec nisl dignissim, at feugiat elit vestibulum. Morbi luctus placerat turpis at 
    viverra. Aenean tempor nunc eget mi convallis, eget ultrices erat cursus. Quisque id turpis tortor. 
    Lorem ipsum dolor sit amet, consectetur adipiscing elit. Morbi efficitur eros id ipsum semper sagittis.
    Pellentesque id placerat mi. Vestibulum eget vehicula tellus. Curabitur eu scelerisque libero, et 
    finibus arcu. Nullam consectetur leo vitae tortor interdum, ac porttitor urna semper. Nunc vel semper 
    lacus. In a. ","Lorem ipsum dolor sit amet, consectetur adipiscing elit. Aliquam auctor nulla sed sem bibendum
    dictum. Sed viverra ante nulla, quis tincidunt urna sagittis ut. Cras mollis vel est et ultrices. 
    Praesent id nisl a erat dapibus interdum. Curabitur tempor est ac lorem finibus, eget vulputate augue 
    mollis. Donec ante quam, ornare ut mattis placerat, venenatis ac odio. Aenean posuere tellus vitae leo 
    malesuada molestie. Proin feugiat nunc sit amet mollis auctor. Donec tempor faucibus mattis. Morbi 
    mollis dui tempus, facilisis nisl et, ullamcorper ex. Vivamus a lectus et turpis faucibus volutpat. 
    Aliquam gravida dui nec accumsan rhoncus. Fusce interdum congue diam eget congue. In hac habitasse 
    platea dictumst. Interdum et malesuada fames ac ante ipsum primis in faucibus. Aliquam risus mauris, 
    aliquam a risus quis, laoreet tincidunt quam. Quisque a faucibus nunc. Sed lobortis malesuada tellus. 
    Nullam facilisis lectus vitae nisi consectetur, vitae efficitur dui gravida. Maecenas interdum mi non 
    sapien lobortis pharetra. Etiam pulvinar arcu enim, sed interdum diam suscipit vitae. Maecenas laoreet
    id mi non sodales. Quisque iaculis nibh eget fringilla pharetra. Sed semper auctor dui vel consequat. 
    In euismod libero nec nisl dignissim, at feugiat elit vestibulum. Morbi luctus placerat turpis at 
    viverra. Aenean tempor nunc eget mi convallis, eget ultrices erat cursus. Quisque id turpis tortor. 
    Lorem ipsum dolor sit amet, consectetur adipiscing elit. Morbi efficitur eros id ipsum semper sagittis.
    Pellentesque id placerat mi. Vestibulum eget vehicula tellus. Curabitur eu scelerisque libero, et 
    finibus arcu. Nullam consectetur leo vitae tortor interdum, ac porttitor urna semper. Nunc vel semper 
    lacus. In a. "78,test name 8,test surname 879,test,test80,test,test81,test,test82,test,test83,test,test84,test,test85,test,test86,test,test87,test,test88,test,test89,test,test90,test,test91,test,test